{
  "version": "2023.1",
  "applications": [],
  "platforms": [
    {
      "name": "AudioProcessing2"
    }
  ],
  "systems": [
    {
      "name": "DSPApp_system",
      "platform": "C:/Users/machk/gitkraken/Audio_Processing/LAB3/AudioProcessing2/export/AudioProcessing2/AudioProcessing2.xpfm",
      "sysConfig": "AudioProcessing2",
      "buildConfig": "Debug",
      "applications": [
        {
          "name": "DSPApp",
          "platform": "C:/SystemnOnChip/Labo3AUDIO/AudioProcessing2/export/AudioProcessing2/AudioProcessing2.xpfm",
          "platformPath": "C:\\VHDL_Projects\\PXL_Jaar2_Sem2\\AudioProcessing\\DTMF_New\\AudioProcessing2\\export\\AudioProcessing2",
          "sysConfig": "AudioProcessing2",
          "domain": "standalone_ps7_cortexa9_0",
          "system": "DSPApp_system"
        }
      ],
      "platformPath": "C:\\VHDL_Projects\\PXL_Jaar2_Sem2\\AudioProcessing\\DTMF_New\\AudioProcessing2\\export\\AudioProcessing2"
    }
  ],
  "others": []
}